{"0": [-1.8564735651016235, -1.8277779817581177, -1.796277642250061, -1.771435260772705, -1.7481234073638916, -1.7209805250167847, -1.6744883060455322, -1.6342939138412476, -1.6038854122161865, -1.5506694316864014, -1.5036354064941406, -1.4603606462478638, -1.4098807573318481, -1.3523834943771362, -1.306132197380066], "1": [0.6592859625816345, 0.6668405532836914, 0.6833823919296265, 0.7202771306037903, 0.774040699005127, 0.840718686580658, 0.9422305822372437, 1.019891381263733, 1.073232889175415, 1.1501306295394897, 1.2005642652511597, 1.2373327016830444, 1.272683024406433, 1.30683171749115, 1.3316413164138794], "2": [1.7010592222213745, 1.7101798057556152, 1.7282710075378418, 1.7440561056137085, 1.7552692890167236, 1.7652162313461304, 1.7834049463272095, 1.802364468574524, 1.816693902015686, 1.8390973806381226, 1.857377052307129, 1.8734380006790161, 1.8919941186904907, 1.9154831171035767, 1.9335882663726807], "3": [89.63411901679791, 89.0848333922334, 88.25296158721979, 87.98089996633117, 88.22701091336835, 88.37868413371044, 88.0817590348061, 88.4173150546753, 88.48917497876775, 89.06130138908453, 88.9108851861794, 88.43307285052353, 87.92577145923089, 87.77069217623057, 88.20756355568848]}